id;nom;prenom;date_naissance;lien
1;immense gradient;delightfully pantyhose vain;2023-12-24;CONJOINT
2;calmly liquid why;reboot now whenever;2023-12-24;ENFANT
3;adviser;desecrate;2023-12-24;ENFANT
4;trash;boo gah authorized;2023-12-24;AUTRE
5;prioritize;as militate;2023-12-24;AUTRE
6;pulp meh;torn happy-go-lucky;2023-12-24;ENFANT
7;bleakly woot yummy;allocation;2023-12-24;ENFANT
8;majestic smog within;knowledgeably;2023-12-25;ENFANT
9;safely rarely offensively;allegation upright legend;2023-12-24;CONJOINT
10;deduce abaft gently;to ideal;2023-12-25;AUTRE
11;and;dim;2023-12-24;ENFANT
12;rule gosh;whereas until pupil;2023-12-24;AUTRE
13;where besides;official list down;2023-12-24;CONJOINT
14;psst pants;notarize acidly;2023-12-24;CONJOINT
15;hmph procrastinate;kookily cow quiet;2023-12-25;AUTRE
16;and besides;prioritize delicious but;2023-12-24;CONJOINT
17;volunteer;jaywalk source aside;2023-12-24;AUTRE
18;gloss thorny;dredger pace;2023-12-24;AUTRE
19;frilly winged oh;focused;2023-12-24;AUTRE
20;for coarse about;obediently ick besides;2023-12-25;CONJOINT
21;meh;drug for;2023-12-24;CONJOINT
22;commonly;in oh;2023-12-24;ENFANT
23;especially that censor;for;2023-12-24;ENFANT
24;extremely amazing;instead aw aged;2023-12-24;AUTRE
25;boo;bouncy shadowy confusion;2023-12-24;AUTRE
26;gratefully;psst excepting nor;2023-12-24;AUTRE
27;meanwhile;monocle;2023-12-24;CONJOINT
28;obediently;onto wherever boohoo;2023-12-24;CONJOINT
29;inside reconstitute how;clone like silently;2023-12-24;CONJOINT
30;viability;if;2023-12-24;AUTRE
