id;numero_carte;type_beneficiaire;date_debut_validite;date_fin_validite;date_emission
1;errer jeune enfant;AGENT;2026-09-23;2026-09-22;2026-09-22
2;à peine en bas de gens;AGENT;2026-09-23;2026-09-22;2026-09-23
3;en plus de vraiment paf;AYANT_DROIT;2026-09-22;2026-09-23;2026-09-22
4;spécialiste;AYANT_DROIT;2026-09-23;2026-09-23;2026-09-23
5;rose sombre;AGENT;2026-09-22;2026-09-23;2026-09-23
6;même si hôte;AYANT_DROIT;2026-09-23;2026-09-23;2026-09-23
7;a derechef lectorat;AGENT;2026-09-22;2026-09-23;2026-09-23
8;passablement antique;AGENT;2026-09-23;2026-09-22;2026-09-23
9;oui;AGENT;2026-09-23;2026-09-23;2026-09-23
10;après pendant doubler;AGENT;2026-09-22;2026-09-22;2026-09-23
11;smack y;AYANT_DROIT;2026-09-23;2026-09-22;2026-09-23
12;paf ouch en bas de;AGENT;2026-09-23;2026-09-22;2026-09-23
13;après que de sorte que;AGENT;2026-09-22;2026-09-23;2026-09-22
14;tâter triste;AGENT;2026-09-23;2026-09-22;2026-09-22
15;après moderne grimper;AGENT;2026-09-23;2026-09-23;2026-09-23
16;bien que certainement absolument;AGENT;2026-09-22;2026-09-22;2026-09-23
17;pin-pon;AGENT;2026-09-22;2026-09-23;2026-09-23
18;collègue jusqu’à ce que à moins de;AGENT;2026-09-23;2026-09-22;2026-09-23
19;badaboum gagner ouin;AYANT_DROIT;2026-09-23;2026-09-23;2026-09-23
20;plic bang;AYANT_DROIT;2026-09-23;2026-09-22;2026-09-23
21;au moyen de alors que en dépit de;AGENT;2026-09-23;2026-09-23;2026-09-23
22;alors que quand;AGENT;2026-09-22;2026-09-22;2026-09-22
23;mature tard;AGENT;2026-09-22;2026-09-23;2026-09-22
24;premièrement;AGENT;2026-09-23;2026-09-23;2026-09-23
25;équipe de recherche à côté de délivrer;AGENT;2026-09-23;2026-09-22;2026-09-23
26;diététiste;AGENT;2026-09-23;2026-09-23;2026-09-22
27;raide parce que lunatique;AGENT;2026-09-23;2026-09-22;2026-09-23
28;coordonner;AGENT;2026-09-23;2026-09-23;2026-09-22
29;novice;AGENT;2026-09-23;2026-09-23;2026-09-23
30;près commis de cuisine;AYANT_DROIT;2026-09-22;2026-09-22;2026-09-22
