id;action;description;date_action;demande_id;utilisateur_id
1;apud nor successfully;why bah;2026-09-10T05:37:12;1;1
2;mysteriously;knavishly;2026-09-09T15:04:06;2;2
3;terribly dwell;surprise amid precedent;2026-09-10T04:01:42;3;1
4;anenst mythology ski;community;2026-09-09T16:50:15;4;2
5;motivate perfectly incomparable;swelter highly;2026-09-09T11:27:41;5;2
6;within;ownership judgementally beneficial;2026-09-10T02:28:53;6;2
7;now who outside;resort unethically why;2026-09-10T02:19:31;7;2
8;beret medium before;qua passport fidget;2026-09-09T12:21:46;8;2
9;rebuild;who into respray;2026-09-09T12:02:07;9;2
10;ill-fated;hence;2026-09-09T17:25:27;10;2
11;times brandish;husk procurement underplay;2026-09-10T03:28:31;11;1
12;despite;and;2026-09-09T18:51:41;12;1
13;meaningfully;amongst;2026-09-09T18:19:03;13;2
14;culminate inure;quarrel;2026-09-10T02:50:55;14;2
15;scarily circa;zowie nor loosely;2026-09-09T20:31:32;15;1
16;honestly;which indeed mostly;2026-09-10T02:01:29;16;1
17;wordy solidly wherever;monthly down;2026-09-10T03:44:37;17;2
18;yum rigidly yieldingly;tattered;2026-09-09T20:49:04;18;1
19;stall intervention dearest;hmph;2026-09-09T21:15:30;19;2
20;owlishly over beyond;belabor consequently;2026-09-09T11:46:11;20;1
21;inquisitively;record tapioca;2026-09-09T22:21:45;21;1
22;space mad;aboard stay;2026-09-09T08:24:21;22;1
23;drat whenever;hmph when;2026-09-09T15:27:57;23;2
24;aside given;veto;2026-09-10T05:02:10;24;1
25;innovation configuration;delight acidly;2026-09-09T17:05:26;25;1
26;birth cuddly;over;2026-09-09T11:40:19;26;1
27;after ick throughout;scarcely hoot babushka;2026-09-09T13:18:11;27;2
28;astride blah windy;distinct naughty ha;2026-09-09T22:35:52;28;2
29;brr fidget;provided hastily;2026-09-09T14:34:30;29;1
30;for;vague infatuated;2026-09-10T05:46:12;30;2
