id;nom_fichier;chemin_fichier;date_ajout;demande_id
1;forceful consequently;moisten;2023-12-24T20:32:57;1
2;supposing euphonium mmm;or atop mobilise;2023-12-25T02:44:09;2
3;boo since cruelly;since like ouch;2023-12-24T21:12:16;3
4;publicize the;besmirch sweetly;2023-12-24T19:00:51;4
5;along forgather psst;knight finally;2023-12-24T16:13:06;5
6;mmm like ugh;criminal;2023-12-25T04:44:59;6
7;joyous;ew ew;2023-12-25T04:36:03;7
8;mean boss misspend;raw clonk;2023-12-24T10:28:53;8
9;although so zowie;frugal;2023-12-25T04:17:26;9
10;freckle er;aha;2023-12-24T09:29:36;10
11;mentor;once phooey;2023-12-25T04:42:54;11
12;behind impostor lean;petticoat underneath next;2023-12-24T23:21:13;12
13;unto impossible weighty;yearly left quarrelsomely;2023-12-24T15:33:57;13
14;till within;ick victoriously amid;2023-12-24T14:13:13;14
15;usually accompany railway;dark helpfully;2023-12-25T04:22:06;15
16;engage;roundabout;2023-12-24T07:07:24;16
17;veto;difficult;2023-12-24T20:24:36;17
18;unwritten;per;2023-12-25T05:29:56;18
19;yippee unfortunately slope;times;2023-12-24T18:19:51;19
20;pish rag lest;until;2023-12-24T23:30:42;20
21;mockingly;after until;2023-12-24T22:16:58;21
22;per vice contrast;obedience;2023-12-25T01:08:13;22
23;likewise jealously tentacle;specific;2023-12-25T03:43:32;23
24;scale minus;rotating growing;2023-12-24T13:29:37;24
25;strategy;giant pish;2023-12-24T16:19:44;25
26;who jellyfish eminent;near;2023-12-24T11:26:51;26
27;annual issue;rule breastplate;2023-12-25T05:40:47;27
28;oof;considering woot failing;2023-12-25T02:00:37;28
29;cloudy well-made;questionably mixture though;2023-12-24T18:40:33;29
30;since overload;but;2023-12-24T14:04:38;30
