id;nom
1;given
2;mmm loose juicy
3;contractor um grouper
4;tectonics bah opposite
5;digital supposing ape
6;ouch sightseeing readily
7;finally butter pace
8;readjust iterate but
9;lively
10;eek
11;whoa
12;beret internationalize
13;messy
14;until whether
15;whether merry uh-huh
16;experience who any
17;overfeed
18;although yet
19;within sadly
20;ceramics gah now
21;yuck courageously dirty
22;team sans tired
23;plagiarise
24;onto
25;doodle character
26;after by
27;gosh blah
28;geez
29;typify
30;fantastic next underneath
