id;titre;description;date_creation;date_assignation;date_echeance;date_terminaison;statut;priorite;lu;commentaire;demande_id;utilisateur_id
1;commandeer;pharmacopoeia gastropod;2026-09-09T10:05:56;2026-09-09T12:26:48;2026-09-09T10:45:00;2026-09-09T09:52:27;ANNULEE;NORMALE;false;furthermore;1;1
2;er knavishly via;unbalance impossible wrongly;2026-09-10T04:50:57;2026-09-09T12:38:47;2026-09-09T09:20:12;2026-09-09T15:10:49;EN_ATTENTE;IMPORTANTE;true;aboard amongst creamy;2;2
3;round ah if;frankly bah deed;2026-09-10T02:25:50;2026-09-10T07:31:30;2026-09-10T05:19:48;2026-09-09T23:37:23;EN_ATTENTE;IMPORTANTE;false;by;3;1
4;ravioli drat;beyond kinase season;2026-09-09T18:38:02;2026-09-09T15:55:27;2026-09-10T02:25:39;2026-09-10T02:28:27;A_FAIRE;IMPORTANTE;false;quaintly carelessly yum;4;2
5;if plus or;nor how;2026-09-09T17:47:08;2026-09-09T17:19:24;2026-09-09T17:18:01;2026-09-09T08:43:04;EN_COURS;URGENTE;true;jittery whoa;5;2
6;ugh;gently worthwhile crystallize;2026-09-09T17:53:29;2026-09-10T04:45:34;2026-09-10T01:22:47;2026-09-09T13:42:31;ANNULEE;IMPORTANTE;true;aside same;6;2
7;carelessly because;aw;2026-09-10T02:17:06;2026-09-10T06:43:37;2026-09-09T19:12:36;2026-09-09T17:15:37;EN_COURS;IMPORTANTE;false;disarm;7;1
8;joyously;officially exploration;2026-09-09T10:48:03;2026-09-09T13:06:21;2026-09-09T14:10:09;2026-09-09T13:09:39;A_FAIRE;NORMALE;true;anti aw guzzle;8;1
9;boom when abaft;snowplow;2026-09-10T07:39:34;2026-09-09T21:01:59;2026-09-09T16:55:15;2026-09-09T13:50:56;EN_COURS;URGENTE;false;cassava uh-huh home;9;1
10;um limply;wrongly orange graceful;2026-09-09T17:29:02;2026-09-10T07:57:11;2026-09-09T21:09:07;2026-09-09T20:27:44;A_FAIRE;URGENTE;true;because;10;1
11;invite quickly;quaintly;2026-09-09T16:13:49;2026-09-10T03:47:37;2026-09-10T07:45:10;2026-09-10T08:00:54;EN_COURS;NORMALE;true;exhausted because through;11;1
12;darling known absent;biodegrade cow incomplete;2026-09-09T18:39:37;2026-09-10T04:51:42;2026-09-10T06:21:17;2026-09-10T02:06:23;EN_ATTENTE;IMPORTANTE;true;what yahoo among;12;2
13;ouch psst;wherever even babyish;2026-09-10T06:52:11;2026-09-10T03:19:25;2026-09-10T07:32:38;2026-09-09T11:27:56;TERMINEE;URGENTE;true;entrench record;13;1
14;concerning;unnaturally whose unlike;2026-09-09T12:26:57;2026-09-10T07:46:35;2026-09-09T17:32:54;2026-09-10T06:02:30;EN_COURS;URGENTE;true;physical;14;1
15;unimpressively indeed hm;christen below;2026-09-09T13:09:10;2026-09-09T21:33:23;2026-09-10T05:27:47;2026-09-09T21:53:33;A_FAIRE;IMPORTANTE;false;starboard trench plastic;15;1
16;instead;scarper thyme;2026-09-09T22:26:42;2026-09-09T10:21:05;2026-09-10T06:51:25;2026-09-10T05:13:34;A_FAIRE;IMPORTANTE;true;offensively;16;2
17;schematise tomorrow;concerning;2026-09-09T21:52:42;2026-09-10T03:50:19;2026-09-09T11:31:14;2026-09-09T18:36:43;EN_COURS;IMPORTANTE;false;sleet which;17;1
18;educated malfunction;wildly willfully preside;2026-09-09T19:44:09;2026-09-09T19:36:20;2026-09-09T15:09:32;2026-09-10T07:19:56;ANNULEE;URGENTE;false;sans;18;2
19;mismatch memorise speedily;yarmulke gape debit;2026-09-09T14:33:32;2026-09-09T21:41:59;2026-09-09T15:56:29;2026-09-10T08:02:52;TERMINEE;URGENTE;false;petal hungrily;19;1
20;yum;because than unused;2026-09-10T00:26:06;2026-09-10T00:50:42;2026-09-09T23:49:27;2026-09-09T20:46:42;EN_COURS;NORMALE;false;regarding;20;1
21;axe meanwhile;acidly seafood;2026-09-09T20:44:55;2026-09-10T05:36:00;2026-09-09T15:03:49;2026-09-09T08:56:44;TERMINEE;IMPORTANTE;false;yuck mixture essay;21;2
22;misfire meanwhile brr;past apprehensive enormously;2026-09-09T10:53:59;2026-09-09T12:48:04;2026-09-09T17:06:56;2026-09-09T15:05:34;EN_COURS;NORMALE;true;exonerate circumnavigate whenever;22;2
23;the via;information;2026-09-09T23:25:27;2026-09-09T10:28:28;2026-09-10T07:02:02;2026-09-10T01:05:12;A_FAIRE;NORMALE;false;unexpectedly nifty throbbing;23;1
24;eek;astonishing really;2026-09-09T21:28:46;2026-09-09T11:17:46;2026-09-09T15:02:03;2026-09-09T22:07:13;ANNULEE;IMPORTANTE;true;ew;24;2
25;yippee against;supposing abaft;2026-09-09T08:24:58;2026-09-10T03:59:23;2026-09-09T22:30:12;2026-09-09T09:39:02;A_FAIRE;NORMALE;false;gosh pro;25;2
26;brr doubtfully;drat dwell frugal;2026-09-09T10:40:45;2026-09-09T21:33:05;2026-09-10T03:04:33;2026-09-09T09:53:09;A_FAIRE;URGENTE;false;consequently around;26;1
27;once;psst exalt epic;2026-09-09T09:51:24;2026-09-09T20:37:18;2026-09-10T07:39:03;2026-09-09T20:38:10;ANNULEE;IMPORTANTE;false;as wasabi till;27;1
28;instead;mmm excluding although;2026-09-09T14:48:55;2026-09-09T17:09:54;2026-09-09T19:46:15;2026-09-09T13:32:56;TERMINEE;NORMALE;false;pry consequently although;28;1
29;inasmuch;inside;2026-09-09T20:05:11;2026-09-10T04:17:07;2026-09-10T00:42:02;2026-09-09T10:36:06;EN_ATTENTE;NORMALE;true;geez beside pish;29;2
30;pleasant selfishly psst;hastily;2026-09-09T20:30:16;2026-09-09T15:20:41;2026-09-09T20:14:02;2026-09-10T06:54:37;ANNULEE;IMPORTANTE;false;beautifully;30;2
